Star;RA;December;V;B-V;U-B;V-R;R-I;V-I
TPHE A;00:30:09;-46:31:22;14.651;793;380;435;405;841
TPHE B;00:30:16;-46:27:55;12.334;405;156;262;271;535
TPHE C;00:30:17;-46:32:34;14.376;-298;-1.217;-148;-211;-360
TPHE D;00:30:18;-46:31:11;13.118;1.551;1.871;849;810;1.663
TPHE E;00:30:19;-46:24:36;11.630;443;-103;276;283;564
TPHE F;00:30:50;-46:33:33;12.474;855;532;492;435;926
TPHE G;00:31:05;-46:22:43;10.442;1.546;1.915;934;1.085;2.025
PG0029+024;00:31:50;+02:38:26;15.268;362;-184;251;337;593
PG0039+049;00:42:05;+05:09:44;12.877;-19;-871;67;97;164
92 309;00:53:14;+00:46:06;13.842;513;-24;326;325;652
92 235;00:53:16;+00:36:22;10.595;1.638;1.984;894;911;1.806
92 322;00:53:47;+00:47:41;12.676;528;-2;302;305;608
92 245;00:54:16;+00:39:56;13.818;1.418;1.189;929;907;1.836
92 248;00:54:31;+00:40:20;15.346;1.128;1.289;690;553;1.245
92 249;00:54:34;+00:41:10;14.325;699;240;399;370;770
92 250;00:54:37;+00:39:01;13.178;814;480;446;394;840
92 330;00:54:44;+00:43:31;15.073;568;-115;331;334;666
92 252;00:54:48;+00:39:28;14.932;517;-140;326;332;666
92 253;00:54:52;+00:40:24;14.085;1.131;955;719;616;1.337
92 335;00:55:00;+00:44:18;12.523;672;208;380;338;719
92 339;00:55:03;+00:44:16;15.579;449;-177;306;339;645
92 342;00:55:10;+00:43:19;11.613;436;-42;266;270;538
92 188;00:55:10;+00:23:17;14.751;1.050;751;679;573;1.254
92 409;00:55:14;+00:56:12;10.627;1.138;1.136;734;625;1.361
92 410;00:55:15;+01:01:54;14.984;398;-134;239;242;484
92 412;00:55:16;+01:01:58;15.036;457;-152;285;304;589
92 259;00:55:22;+00:40:34;14.997;642;108;370;452;821
92 345;00:55:24;+00:51:11;15.216;745;121;465;476;941
92 347;00:55:26;+00:50:53;15.752;543;-97;339;318;658
92 260;00:55:29;+00:37:12;15.071;1.162;1.115;719;608;1.328
92 348;00:55:30;+00:44:39;12.109;598;56;345;341;688
92 417;00:55:32;+00:53:12;15.922;477;-185;351;305;657
92 263;00:55:40;+00:36:23;11.782;1.048;843;563;522;1.087
92 497;00:55:54;+01:11:46;13.642;729;257;404;378;783
92 498;00:55:57;+01:10:44;14.408;1.010;794;648;531;1.181
92 500;00:55:58;+01:10:29;15.841;1.003;211;738;599;1.338
92 425;00:55:59;+00:53:03;13.941;1.191;1.173;755;627;1.384
92 501;00:56:00;+01:10:57;12.958;610;68;345;331;677
92 426;00:56:00;+00:52:58;14.466;729;184;412;396;809
92 355;00:56:06;+00:50:52;14.965;1.164;1.201;759;645;1.406
92 427;00:56:07;+01:00:23;14.953;809;352;462;2.922;3.275
92 502;00:56:08;+01:04:29;11.812;486;-95;284;292;576
92 430;00:56:16;+00:53:21;14.440;567;-40;338;338;676
92 276;00:56:27;+00:41:57;12.036;629;67;368;357;726
92 282;00:56:47;+00:38:34;12.969;318;-38;201;221;422
92 508;00:56:51;+01:09:40;11.679;529;-47;318;320;639
92 507;00:56:51;+01:06:03;11.332;932;688;507;461;969
92 364;00:56:53;+00:44:07;11.673;607;-37;356;357;714
92 433;00:56:54;+01:00:47;11.667;655;110;367;348;716
92 288;00:57:17;+00:36:52;11.630;855;472;489;441;931
F 11;01:04:22;+04:13:37;12.065;-240;-978;-120;-142;-261
F 16;01:54:08;-06:42:54;12.406;-12;9;-3;2;-1
93 407;01:54:37;+00:53:59;11.971;852;564;487;421;908
93 317;01:54:38;+00:43:11;11.546;488;-55;293;298;592
93 333;01:55:05;+00:45:54;12.011;832;436;469;422;892
93 424;01:55:26;+00:56:54;11.620;1.083;943;554;502;1.058
G3 33;02:00:09;+13:04:04;12.298;1.804;1.316;1.355;1.751;3.099
PG0220+132B;02:23:34;+13:28:11;14.216;937;319;562;496;1.058
PG0220+132;02:23:38;+13:27:42;14.760;-132;-922;-50;-120;-170
PG0220+132A;02:23:39;+13:27:37;15.771;783;-339;514;481;995
F 22;02:30:17;+05:15:51;12.799;-54;-806;-103;-105;-207
PG0231+051E;02:33:28;+05:19:48;13.804;677;201;390;369;757
PG0231+051D;02:33:33;+05:19:32;14.027;1.088;1.046;675;586;1.256
PG0231+051A;02:33:40;+05:17:41;12.772;710;270;405;394;799
PG0231+051C;02:33:41;+05:20:22;13.702;671;114;399;385;783
PG0231+051;02:33:41;+05:18:43;16.105;-329;-1.192;-162;-371;-534
PG0231+051B;02:33:45;+05:17:33;14.735;1.448;1.342;954;998;1.951
F 24;02:35:08;+03:43:57;12.411;-203;-1.169;90;364;451
94 171;02:53:38;+00:17:34;12.659;817;304;480;483;964
94 296;02:55:20;+00:28:29;12.255;750;235;415;387;803
94 394;02:56:14;+00:35:25;12.273;545;-47;344;330;676
94 401;02:56:31;+00:40:21;14.293;638;98;389;369;759
94 242;02:57:21;+00:18:54;11.728;301;107;178;184;362
94 251;02:57:46;+00:16:18;11.204;1.219;1.281;659;587;1.247
94 702;02:58:13;+01:11:09;11.594;1.418;1.621;756;673;1.430
GD 50;03:48:50;-00:58:33;14.063;-276;-1.191;-145;-180;-325
95 15;03:52:40;-00:05:03;11.302;712;157;424;385;809
95 301;03:52:41;+00:31:37;11.216;1.290;1.296;692;620;1.311
95 16;03:52:41;-00:04:47;14.313;1.306;1.322;796;676;1.472
95 302;03:52:42;+00:31:37;11.694;825;447;471;420;891
95 96;03:52:54;+00:00:37;10.010;147;72;79;95;174
95 97;03:52:57;-00:00:01;14.818;906;380;522;546;1.068
95 98;03:53:00;+00:03:11;14.448;1.181;1.092;723;620;1.342
95 100;03:53:01;+00:00:31;15.633;791;51;538;421;961
95 101;03:53:04;+00:03:12;12.677;778;263;436;426;863
95 102;03:53:07;+00:01:28;15.622;1.001;162;448;618;1.065
95 252;03:53:11;+00:27:37;15.394;1.452;1.178;816;747;1.566
95 190;03:53:13;+00:16:39;12.627;287;236;195;220;415
95 193;03:53:20;+00:16:50;14.338;1.211;1.239;748;616;1.366
95 105;03:53:21;-00:00:01;13.574;976;627;550;536;1.088
95 107;03:53:25;+00:02:36;16.275;1.324;1.115;947;962;1.907
95 106;03:53:25;+00:01:40;15.137;1.251;369;394;508;903
95 112;03:53:40;-00:00:54;15.502;662;77;605;620;1.227
95 41;03:53:41;-00:02:12;14.060;903;297;589;585;1.176
95 317;03:53:44;+00:30:06;13.449;1.320;1.120;768;708;1.476
95 42;03:53:44;-00:04:08;15.606;-215;-1.111;-119;-180;-300
95 263;03:53:47;+00:26:57;12.679;1.500;1.559;801;711;1.513
95 115;03:53:48;-00:00:29;14.680;836;96;577;579;1.157
95 43;03:53:49;-00:02:42;10.803;510;-16;308;316;624
95 271;03:54:17;+00:19:08;13.669;1.287;916;734;717;1.453
95 328;03:54:19;+00:36:47;13.525;1.532;1.298;908;868;1.776
95 329;03:54:24;+00:37:25;14.617;1.184;1.093;766;642;1.410
95 330;03:54:31;+00:29:23;12.174;1.999;2.233;1.166;1.100;2.268
95 275;03:54:44;+00:27:37;13.479;1.763;1.740;1.011;931;1.944
95 276;03:54:46;+00:26:13;14.118;1.225;1.218;748;646;1.395
95 60;03:54:49;-00:06:46;13.429;776;197;464;449;914
95 218;03:54:50;+00:10:26;12.095;708;208;397;370;767
95 132;03:54:51;+00:05:40;12.064;448;300;259;287;545
95 62;03:55:00;-00:02:36;13.538;1.355;1.181;742;685;1.428
95 137;03:55:04;+00:03:51;14.440;1.457;1.136;893;845;1.737
95 139;03:55:05;+00:03:32;12.196;923;677;562;476;1.039
95 66;03:55:07;-00:09:12;12.892;715;167;426;438;864
95 227;03:55:08;+00:14:54;15.779;771;34;515;552;1.067
95 142;03:55:09;+00:01:39;12.927;588;97;371;375;745
95 74;03:55:31;-00:08:54;11.531;1.126;686;600;567;1.165
95 231;03:55:39;+00:11:02;14.216;452;297;270;290;560
95 284;03:55:44;+00:25:27;13.669;1.398;1.073;818;766;1.586
95 149;03:55:44;+00:07:23;10.938;1.593;1.564;874;811;1.685
95 285;03:55:46;+00:23:59;15.561;937;703;607;602;1.210
95 236;03:56:13;+00:09:02;11.491;736;162;420;411;831
96 21;04:51:16;-00:14:30;12.182;490;-4;299;297;598
96 36;04:51:43;-00:09:51;10.591;247;118;134;136;271
96 737;04:52:35;+00:22:50;11.716;1.334;1.160;733;695;1.428
96 409;04:52:58;+00:09:26;13.778;543;42;340;340;682
96 83;04:52:59;-00:14:22;11.719;179;202;93;97;190
96 235;04:53:19;-00:04:42;11.140;1.074;898;559;510;1.068
G97 42;05:28:01;+09:39:07;12.443;1.639;1.259;1.171;1.485;2.655
G102 22;05:42:05;+12:30:14;11.509;1.621;1.134;1.211;1.590;2.800
GD 71;05:52:28;+15:33:15;13.032;-249;-1.107;-137;-164;-302
97 249;05:57:07;+00:01:34;11.733;648;100;369;353;723
97 42;05:57:09;-00:10:50;12.448;1.626;1.208;1.160;1.485;2.641
97 345;05:57:26;+00:20:48;11.608;1.655;1.680;928;844;1.771
97 351;05:57:37;+00:14:05;9.781;202;96;124;141;264
97 75;05:57:55;-00:09:07;11.483;1.872;2.100;1.047;952;1.999
97 284;05:58:25;+00:05:35;10.788;1.363;1.087;774;725;1.500
97 224;05:58:44;-00:04:50;14.085;910;341;553;547;1.102
98 961;06:51:27;-00:15:15;13.089;1.283;1.003;701;662;1.362
98 966;06:51:29;-00:16:05;14.001;469;357;283;331;613
98 556;06:51:30;-00:24:30;14.137;338;126;196;243;437
98 557;06:51:30;-00:24:45;14.780;1.397;1.072;755;741;1.494
98 562;06:51:31;-00:18:37;12.185;522;-2;305;303;607
98 563;06:51:32;-00:26:04;14.162;416;-190;294;317;610
98 978;06:51:34;-00:11:06;10.572;609;94;349;322;671
98 L1;06:51:39;-00:26:16;15.672;1.243;776;730;712;1.445
98 L2;06:51:40;-00:20:49;15.859;1.340;1.497;754;572;1.327
98 581;06:51:40;-00:25:21;14.556;238;161;118;244;361
98 580;06:51:40;-00:26:21;14.728;367;303;241;305;547
98 L3;06:51:42;-00:14:56;14.614;1.936;1.837;1.091;1.047;2.142
98 L4;06:51:42;-00:16:13;16.332;1.344;1.086;936;785;1.726
98 1002;06:51:43;-00:15:31;14.568;574;-27;354;379;733
98 590;06:51:43;-00:21:59;14.642;1.352;853;753;747;1.500
98 614;06:51:49;-00:20:12;15.674;1.063;399;834;645;1.480
98 618;06:51:50;-00:20:55;12.723;2.192;2.144;1.254;1.151;2.407
98 624;06:51:52;-00:19:54;13.811;791;394;417;404;822
98 626;06:51:53;-00:20:24;14.758;1.406;1.067;806;816;1.624
98 627;06:51:53;-00:21:41;14.900;689;78;428;387;817
98 634;06:51:56;-00:20:35;14.608;647;123;382;372;757
98 642;06:51:59;-00:21:11;15.290;571;318;302;393;697
98 185;06:52:02;-00:26:59;10.536;202;113;109;124;231
98 646;06:52:03;-00:20:56;15.839;1.060;1.426;583;504;1.090
98 193;06:52:04;-00:26:56;10.030;1.180;1.152;615;537;1.153
98 653;06:52:05;-00:17:57;9.539;-4;-99;9;8;17
98 650;06:52:05;-00:19:18;12.271;157;110;80;86;166
98 652;06:52:05;-00:21:36;14.817;611;126;276;339;618
98 666;06:52:10;-00:23:12;12.732;164;-4;91;108;200
98 671;06:52:12;-00:18:00;13.385;968;719;575;494;1.071
98 670;06:52:12;-00:18:55;11.930;1.356;1.313;723;653;1.375
98 676;06:52:14;-00:18:59;13.068;1.146;666;683;673;1.352
98 675;06:52:14;-00:19:19;13.398;1.909;1.936;1.082;1.002;2.085
98 L5;06:52:16;-00:19:17;17.800;1.900;-100;3.100;2.600;5.800
98 682;06:52:17;-00:19:20;13.749;632;98;366;352;717
98 685;06:52:19;-00:19:57;11.954;463;96;290;280;570
98 688;06:52:19;-00:23:12;12.754;293;245;158;180;337
98 1082;06:52:20;-00:13:53;15.010;835;-1;485;619;1.102
98 1087;06:52:21;-00:15:28;14.439;1.595;1.284;928;882;1.812
98 1102;06:52:28;-00:13:21;12.113;314;89;193;195;388
98 1112;06:52:35;-00:15:01;13.975;814;286;443;431;874
98 1119;06:52:37;-00:14:11;11.878;551;69;312;299;611
98 1124;06:52:38;-00:16:12;13.707;315;258;173;201;373
98 1122;06:52:38;-00:16:43;14.090;595;-297;376;442;816
98 724;06:52:38;-00:19:00;11.118;1.104;904;575;527;1.103
98 733;06:52:40;-00:16:54;12.238;1.285;1.087;698;650;1.347
RU 149G;07:24:10;-00:30:49;12.829;541;33;322;322;645
RU 149A;07:24:12;-00:31:47;14.495;298;118;196;196;391
RU 149F;07:24:13;-00:30:01;13.471;1.115;1.025;594;538;1.132
RU 149;07:24:13;-00:31:58;13.866;-129;-779;-40;-68;-108
RU 149D;07:24:14;-00:31:41;11.480;-37;-287;21;8;29
RU 149C;07:24:16;-00:31:20;14.425;195;141;93;127;222
RU 149B;07:24:16;-00:32:01;12.642;662;151;374;354;728
RU 149E;07:24:17;-00:30:11;13.718;522;-7;321;314;637
RU 152F;07:29:51;-02:04:29;14.564;635;69;382;315;689
RU 152E;07:29:51;-02:05:09;12.362;42;-86;30;34;65
RU 152;07:29:55;-02:06:18;13.014;-190;-1.073;-57;-87;-145
RU 152B;07:29:56;-02:05:39;15.019;500;22;290;309;600
RU 152A;07:29:57;-02:06:02;14.341;543;-85;325;329;654
RU 152C;07:29:59;-02:05:18;12.222;573;-13;342;340;683
RU 152D;07:30:03;-02:04:16;11.076;875;491;473;449;921
99 438;07:55:54;-00:16:32;9.398;-155;-725;-59;-81;-141
99 447;07:56:07;-00:20:23;9.417;-67;-225;-32;-41;-74
100 241;08:52:35;-00:39:32;10.139;157;101;78;85;163
100 162;08:53:15;-00:43:12;9.150;1.276;1.497;649;553;1.203
100 267;08:53:18;-00:41:14;13.027;485;-62;307;302;608
100 269;08:53:19;-00:40:54;12.350;547;-40;335;331;666
100 280;08:53:36;-00:36:24;11.799;494;-2;295;291;588
100 394;08:53:55;-00:32:04;11.384;1.317;1.457;705;636;1.341
PG0918+029D;09:21:22;+02:47:33;12.272;1.044;821;575;535;1.108
PG0918+029;09:21:28;+02:46:06;13.327;-271;-1.081;-129;-159;-288
PG0918+029B;09:21:34;+02:48:04;13.963;765;366;417;370;787
PG0918+029A;09:21:35;+02:46:23;14.490;536;-32;325;336;661
PG0918+029C;09:21:42;+02:46:41;13.537;631;87;367;357;722
-12 2918;09:31:18;-13:29:20;10.067;1.501;1.166;1.067;1.318;2.385
PG0942-029D;09:45:10;-03:05:50;13.707;564;129;348;343;687
PG0942-029A;09:45:10;-03:10:14;14.731;783;339;610;477;1.081
PG0942-029B;09:45:12;-03:06:54;14.108;525;85;368;333;697
PG0942-029;09:45:12;-03:09:21;14.004;-294;-1.175;-130;-149;-280
PG0942-029C;09:45:15;-03:06:36;14.989;727;369;539;376;909
101 315;09:54:51;-00:27:16;11.249;1.153;1.056;612;559;1.172
101 316;09:54:53;-00:18:20;11.552;493;32;293;291;584
101 L1;09:55:30;-00:21:25;16.501;757;-104;421;527;947
101 320;09:55:34;-00:22:19;13.823;1.052;690;581;561;1.141
101 L2;09:55:36;-00:18:36;15.770;602;82;321;304;625
101 404;09:55:42;-00:18:09;13.459;996;697;530;500;1.029
101 324;09:55:58;-00:23:02;9.742;1.161;1.148;591;519;1.110
101 262;09:56:08;-00:29:36;14.295;784;297;440;387;827
101 408;09:56:09;-00:12:28;14.785;1.200;1.347;718;603;1.321
101 326;09:56:09;-00:26:56;14.923;729;227;406;375;780
101 410;09:56:10;-00:13:50;13.646;546;-63;298;326;623
101 327;09:56:10;-00:25:37;13.441;1.155;1.139;717;574;1.290
101 413;09:56:15;-00:11:44;12.583;983;716;529;497;1.025
101 268;09:56:19;-00:31:43;14.380;1.531;1.381;1.040;1.200;2.237
101 330;09:56:22;-00:27:07;13.723;577;-26;346;338;684
101 415;09:56:24;-00:16:40;15.259;577;-8;346;350;695
101 270;09:56:27;-00:35:31;13.711;554;55;332;306;637
101 278;09:56:55;-00:29:26;15.494;1.041;737;596;548;1.144
101 L3;09:56:55;-00:30:15;15.953;637;-33;396;395;792
101 281;09:57:05;-00:31:26;11.575;812;419;452;412;864
101 L4;09:57:08;-00:31:16;16.264;793;362;578;62;644
101 L5;09:57:11;-00:31:25;15.928;622;115;414;305;720
101 421;09:57:17;-00:17:05;13.180;507;-31;327;296;623
101 338;09:57:19;-00:20:47;13.788;634;24;350;340;691
101 339;09:57:19;-00:24:48;14.449;850;501;458;398;857
101 424;09:57:21;-00:16:14;15.058;764;273;429;425;855
101 427;09:57:27;-00:17:04;14.964;805;321;484;369;854
101 341;09:57:31;-00:21:40;14.342;575;59;332;309;641
101 342;09:57:32;-00:21:37;15.556;529;-65;339;419;758
101 343;09:57:32;-00:22:42;15.504;606;94;396;338;734
101 429;09:57:33;-00:18:05;13.496;980;782;617;526;1.143
101 431;09:57:38;-00:17:39;13.684;1.246;1.144;808;708;1.517
101 L6;09:57:40;-00:17:40;16.497;711;183;445;583;1.024
101 207;09:57:53;-00:47:23;12.419;515;-78;321;320;641
101 363;09:58:20;-00:25:23;9.874;261;129;146;151;297
GD 108;10:00:47;-07:33:31;13.561;-215;-942;-98;-122;-220
G162 66;10:33:43;-11:40:39;13.012;-165;-996;-126;-141;-266
G44 27;10:36:02;+05:07:11;12.636;1.586;1.088;1.185;1.526;2.714
PG1034+001;10:37:17;-00:07:25;13.228;-365;-1.274;-155;-203;-359
G163 6;10:42:55;+02:47:22;14.706;1.550;1.228;1.090;1.384;2.478
PG1047+003;10:50:03;-00:00:30;13.474;-290;-1.121;-132;-162;-295
PG1047+003A;10:50:06;-00:01:06;13.512;688;168;422;418;840
PG1047+003B;10:50:09;-00:01:58;14.751;679;172;391;371;764
PG1047+003C;10:50:18;-00:00:21;12.453;607;-19;378;358;737
G44 40;10:50:54;+06:48:57;11.675;1.644;1.213;1.216;1.568;2.786
102 620;10:55:06;-00:48:13;10.069;1.083;1.020;642;524;1.167
G45 20;10:56:38;+07:02:23;13.507;2.034;1.165;1.823;2.174;4.000
102 1081;10:57:05;-00:13:04;9.903;664;255;366;333;698
G163 27;10:57:35;-07:31:23;14.338;288;-548;206;210;417
G163 50;11:08:00;-05:09:26;13.059;35;-688;-85;-72;-159
G163 51;11:08:07;-05:13:47;12.576;1.506;1.228;1.084;1.359;2.441
G10 50;11:47:44;+00:48:55;11.153;1.752;1.318;1.294;1.673;2.969
103 302;11:56:06;-00:47:54;9.861;368;-56;228;237;465
103 626;11:56:47;-00:21:47;11.836;413;-57;262;274;535
G12 43;12:33:20;+09:01:08;12.467;1.846;1.085;1.530;1.944;3.479
104 306;12:41:04;-00:37:15;9.370;1.592;1.666;832;762;1.591
104 423;12:41:36;-00:31:18;15.602;630;50;262;559;818
104 428;12:41:41;-00:26:30;12.630;985;748;534;497;1.032
104 L1;12:41:44;-00:22:47;14.608;630;64;374;364;739
104 430;12:41:50;-00:25:56;13.858;652;131;364;363;727
104 325;12:42:03;-00:41:39;15.581;694;51;345;307;652
104 330;12:42:12;-00:40:43;15.296;594;-28;369;371;739
104 440;12:42:14;-00:24:51;15.114;440;-227;289;317;605
104 237;12:42:17;-00:51:21;15.395;1.088;918;647;628;1.274
104 L2;12:42:19;-00:35:16;16.048;650;-172;344;323;667
104 443;12:42:20;-00:25:25;15.372;1.331;1.280;817;778;1.595
104 444;12:42:20;-00:32:32;13.477;512;-70;313;331;643
104 335;12:42:21;-00:33:12;11.665;622;145;357;334;691
104 334;12:42:21;-00:40:31;13.484;518;-67;323;331;653
104 239;12:42:23;-00:46:36;13.936;1.356;1.291;868;805;1.675
104 336;12:42:25;-00:40:02;14.404;830;495;461;403;865
104 338;12:42:31;-00:38:36;16.059;591;-82;348;372;719
104 339;12:42:34;-00:41:43;15.459;832;709;476;374;849
104 244;12:42:35;-00:45:51;16.011;590;-152;338;489;825
104 455;12:42:52;-00:24:22;15.105;581;-24;360;357;716
104 456;12:42:53;-00:32:09;12.362;622;135;357;337;694
104 457;12:42:54;-00:28:52;16.048;753;522;484;490;974
104 460;12:43:03;-00:28:25;12.886;1.287;1.243;813;693;1.507
104 461;12:43:06;-00:32:25;9.705;476;-30;289;290;580
104 350;12:43:14;-00:33:25;13.634;673;165;383;353;736
104 470;12:43:22;-00:30:00;14.310;732;101;295;356;649
104 364;12:43:46;-00:34:34;15.799;601;-131;314;397;712
104 366;12:43:53;-00:34:56;12.908;870;424;517;464;982
104 479;12:43:55;-00:32:55;16.087;1.271;673;657;607;1.264
104 367;12:43:58;-00:33:40;15.844;639;-126;382;296;679
104 484;12:44:20;-00:31:01;14.406;1.024;732;514;486;1.000
104 485;12:44:23;-00:30:20;15.017;838;493;478;488;967
104 490;12:44:33;-00:25:57;12.572;535;48;318;312;630
104 598;12:45:17;-00:16:41;11.479;1.106;1.050;670;546;1.215
G14 55;13:28:22;-02:21:28;11.336;1.491;1.157;1.078;1.388;2.462
PG1323-085;13:25:39;-08:49:18;13.481;-140;-681;-48;-78;-127
PG1323-085A;13:25:49;-08:50:24;13.591;393;-19;252;252;506
PG1323-085C;13:25:50;-08:48:39;14.003;707;245;395;363;759
PG1323-085B;13:25:50;-08:51:55;13.406;761;265;426;407;833
PG1323-085D;13:26:05;-08:50:36;12.080;587;5;346;335;684
105 505;13:35:24;-00:23:47;10.270;1.422;1.218;910;861;1.771
105 437;13:37:17;-00:38:05;12.535;248;67;136;143;279
105 815;13:40:04;-00:02:19;11.453;385;-237;267;291;560
+2 2711;13:42:20;+01:29:58;10.367;-166;-697;-72;-95;-167
121968;13:58:51;-02:55:38;10.254;-186;-908;-73;-98;-172
PG1407-013;14:10:26;-01:30:16;13.750;-259;-1.119;-130;-144;-277
106 1024;14:40:07;+00:01:31;11.599;332;85;196;195;390
106 700;14:40:51;-00:23:50;9.785;1.362;1.582;728;641;1.370
PG1514+034;15:17:14;+03:10:22;13.997;-9;-955;87;126;212
PG1525-071;15:28:11;-07:16:32;15.053;-198;-1.148;-88;-75;-168
PG1525-071D;15:28:12;-07:16:38;16.301;564;305;411;346;757
PG1525-071A;15:28:13;-07:15:59;13.509;757;257;445;425;869
PG1525-071B;15:28:14;-07:16:13;16.403;730;135;442;366;808
PG1525-071C;15:28:16;-07:14:26;13.530;1.109;1.130;590;513;1.104
PG1528+062B;15:30:40;+06:01:06;11.989;593;5;364;344;711
PG1528+062A;15:30:49;+06:01:19;15.553;830;356;433;389;824
PG1528+062;15:30:50;+06:00:51;14.767;-252;-1.091;-111;-182;-296
PG1528+062C;15:30:56;+06:00:02;13.477;644;74;357;340;699
PG1530+057A;15:33:10;+05:33:40;13.711;829;414;473;412;886
PG1530+057;15:33:11;+05:32:22;14.211;151;-789;162;36;199
PG1530+057B;15:33:18;+05:33:43;12.842;745;325;423;376;799
107 970;15:37:25;+00:18:16;10.939;1.596;1.750;1.142;1.435;2.574
107 568;15:37:52;-00:17:36;13.054;1.149;862;625;595;1.217
107 1006;15:38:33;+00:14:04;11.712;766;279;442;421;863
107 720;15:38:37;-00:02:42;13.121;599;88;374;355;731
107 456;15:38:42;-00:20:05;12.919;921;589;537;478;1.015
107 457;15:38:46;-00:20:33;14.910;792;350;494;469;964
107 351;15:38:46;-00:32:24;12.342;562;-5;351;358;708
107 592;15:38:50;-00:17:28;11.847;1.318;1.380;709;647;1.357
107 458;15:38:50;-00:24:45;11.676;1.214;1.189;667;602;1.274
107 459;15:38:51;-00:22:49;12.284;900;427;525;517;1.045
107 212;15:38:56;-00:45:48;13.383;683;135;404;411;818
107 215;15:38:57;-00:43:24;16.046;115;-82;-32;-475;-511
107 213;15:38:57;-00:44:32;14.262;802;261;531;509;1.038
107 357;15:39:05;-00:39:29;14.418;675;25;416;421;840
107 599;15:39:09;-00:14:46;14.675;698;243;433;438;869
107 359;15:39:09;-00:35:49;12.797;580;-124;379;381;759
107 600;15:39:10;-00:16:07;14.884;503;49;339;361;700
107 601;15:39:13;-00:13:44;14.646;1.412;1.265;923;835;1.761
107 602;15:39:18;-00:15:47;12.116;991;585;545;531;1.074
107 612;15:39:35;-00:15:24;14.256;896;296;551;530;1.081
107 611;15:39:36;-00:12:54;14.329;890;455;520;447;968
107 614;15:39:41;-00:13:28;13.926;622;33;361;370;732
107 626;15:40:05;-00:17:46;13.468;1.000;728;600;527;1.126
107 627;15:40:07;-00:17:40;13.349;779;226;465;454;918
107 484;15:40:17;-00:21:31;11.311;1.237;1.291;664;577;1.240
107 636;15:40:40;-00:15:12;14.873;751;121;432;465;896
107 639;15:40:44;-00:17:29;14.197;640;-26;399;404;803
107 640;15:40:49;-00:17:06;15.050;755;92;511;506;1.017
G153 41;16:17:55;-15:35:52;13.422;-205;-1.133;-135;-154;-290
G138 25;16:25:14;+15:41:15;13.513;1.419;1.265;883;796;1.685
-12 4523;16:30:18;-12:39:08;10.069;1.568;1.192;1.152;1.498;2.649
PG1633+099;16:35:24;+09:47:45;14.397;-192;-974;-93;-116;-212
PG1633+099A;16:35:26;+09:47:48;15.256;873;320;505;511;1.015
PG1633+099B;16:35:34;+09:46:17;12.969;1.081;1.007;590;502;1.090
PG1633+099C;16:35:38;+09:46:11;13.229;1.134;1.138;618;523;1.138
PG1633+099D;16:35:40;+09:46:38;13.691;535;-25;324;327;650
108 719;16:36:11;-00:25:53;12.690;1.031;648;553;533;1.087
108 1848;16:36:58;+00:05:36;11.738;559;73;331;325;657
108 475;16:37:00;-00:35:01;11.309;1.380;1.462;744;665;1.409
108 1863;16:37:13;+00:02:13;12.244;803;378;446;398;844
108 551;16:37:47;-00:33:27;10.703;179;178;99;110;208
108 1918;16:37:50;-00:00:58;11.384;1.432;1.839;773;661;1.434
108 981;16:39:17;-00:25:28;12.071;494;237;310;312;622
PG1647+056;16:50:18;+05:32:48;14.773;-173;-1.064;-58;-22;-82
WOLF 629;16:55:27;-08:18:53;11.759;1.677;1.256;1.185;1.525;2.715
PG1657+078;16:59:32;+07:43:25;15.015;-149;-940;-63;-33;-100
PG1657+078B;16:59:32;+07:42:05;14.721;708;65;417;420;838
PG1657+078A;16:59:33;+07:42:19;14.033;1.069;730;573;539;1.113
PG1657+078C;16:59:35;+07:42:20;15.225;840;385;521;444;967
-4 4226;17:05:15;-05:05:05;10.071;1.415;1.085;970;1.141;2.113
109 71;17:44:06;-00:25:22;11.493;323;153;186;223;410
109 381;17:44:12;-00:20:55;11.730;704;225;428;435;861
109 949;17:44:13;-00:02:51;12.828;806;363;500;517;1.020
109 954;17:44:15;-00:02:39;12.436;1.296;956;764;731;1.496
109 956;17:44:17;-00:02:54;14.639;1.283;858;779;743;1.525
109 199;17:45:03;-00:29:51;10.990;1.739;1.967;1.006;900;1.904
109 231;17:45:20;-00:26:13;9.332;1.462;1.593;785;704;1.492
109 537;17:45:42;-00:21:57;10.353;609;227;376;392;768
G21 15;18:27:13;+04:03:05;13.889;92;-598;-39;-30;-69
110 229;18:40:46;+00:01:28;13.649;1.910;1.391;1.198;1.155;2.356
110 230;18:40:52;+00:02:01;14.281;1.084;728;624;596;1.218
110 232;18:40:53;+00:01:35;12.516;729;147;439;450;889
110 233;18:40:53;+00:00:28;12.771;1.281;812;773;818;1.593
110 239;18:41:20;-00:00:08;13.858;899;584;541;517;1.060
110 339;18:41:27;+00:08:04;13.607;988;776;563;468;1.036
110 340;18:41:29;+00:15:00;10.025;303;127;170;182;353
110 477;18:41:44;+00:26:19;13.988;1.345;715;850;857;1.707
110 246;18:41:51;+00:04:58;12.706;586;-129;381;410;790
110 346;18:41:55;+00:09:37;14.757;999;752;697;646;1.345
110 349;18:42:13;+00:09:52;15.095;1.088;668;503;-59;477
110 355;18:42:19;+00:08:02;11.944;1.023;504;652;727;1.378
110 358;18:42:36;+00:14:39;14.430;1.039;418;603;543;1.150
110 360;18:42:40;+00:08:48;14.618;1.197;539;715;717;1.432
110 361;18:42:45;+00:07:42;12.425;632;35;361;348;709
110 362;18:42:48;+00:06:04;15.693;1.333;3.919;918;885;1.803
110 L1;18:42:50;+00:06:48;16.252;1.752;2.953;1.066;992;2.058
110 266;18:42:50;+00:04:44;12.018;889;411;538;577;1.111
110 364;18:42:52;+00:07:32;13.615;1.133;1.095;697;585;1.281
110 365;18:42:57;+00:06:58;13.470;2.261;1.895;1.360;1.270;2.631
110 157;18:42:57;-00:09:18;13.491;2.123;1.679;1.257;1.139;2.395
110 496;18:43:00;+00:30:46;13.004;1.040;737;607;681;1.287
110 273;18:43:00;+00:02:01;14.686;2.527;1.000;1.509;1.345;2.856
110 497;18:43:03;+00:30:34;14.196;1.052;380;606;597;1.203
110 280;18:43:07;-00:04:02;12.996;2.151;2.133;1.235;1.148;2.384
110 499;18:43:08;+00:27:38;11.737;987;639;600;674;1.273
110 502;18:43:11;+00:27:18;12.330;2.326;2.326;1.373;1.250;2.625
110 504;18:43:12;+00:29:43;14.022;1.248;1.323;797;683;1.482
110 503;18:43:12;+00:29:21;11.773;671;506;373;436;808
110 506;18:43:20;+00:30:05;11.312;568;59;335;312;652
110 507;18:43:20;+00:29:04;12.440;1.141;830;633;579;1.206
110 290;18:43:22;-00:01:37;11.898;708;196;418;418;836
110 441;18:43:34;+00:19:18;11.121;555;112;324;336;660
110 311;18:43:48;-00:00:44;15.505;1.796;1.179;1.010;864;1.874
110 312;18:43:50;-00:00:15;16.093;1.319;-788;1.137;1.154;2.293
110 450;18:43:52;+00:22:36;11.585;944;691;552;625;1.177
110 316;18:43:53;+00:00:43;14.821;1.731;4.355;858;910;1.769
110 315;18:43:53;+00:00:27;13.637;2.069;2.256;1.206;1.133;2.338
110 319;18:43:56;+00:01:39;11.861;1.309;1.076;742;700;1.443
111 775;19:37:17;+00:11:44;10.744;1.738;2.029;965;896;1.862
111 773;19:37:17;+00:10:38;8.963;206;-210;119;144;262
111 1925;19:37:29;+00:24:40;12.388;395;262;221;253;474
111 1965;19:37:42;+00:26:30;11.419;1.710;1.865;951;877;1.830
111 1969;19:37:44;+00:25:27;10.382;1.959;2.306;1.177;1.222;2.400
111 2039;19:38:05;+00:31:52;12.395;1.369;1.237;739;689;1.430
111 2088;19:38:22;+00:30:40;13.193;1.610;1.678;888;818;1.708
111 2093;19:38:24;+00:31:05;12.538;637;283;370;397;766
112 595;20:41:19;+00:16:11;11.352;1.601;1.993;899;901;1.801
112 704;20:42:03;+00:18:53;11.452;1.536;1.742;822;746;1.570
112 223;20:42:15;+00:08:44;11.424;454;10;273;274;547
112 250;20:42:27;+00:07:25;12.095;532;-25;317;323;639
112 275;20:42:36;+00:07:03;9.905;1.210;1.299;647;569;1.217
112 805;20:42:47;+00:15:51;12.086;152;150;63;75;138
112 822;20:42:56;+00:14:47;11.549;1.031;883;558;502;1.060
MARK A2;20:43:54;-10:45:32;14.540;666;96;379;371;751
MARK A1;20:43:58;-10:47:11;15.911;609;-14;367;373;740
MARK A;20:43:59;-10:47:42;13.258;-242;-1.162;-115;-125;-241
MARK A3;20:44:02;-10:45:39;14.818;938;651;587;510;1.098
WOLF 918;21:11:30;-13:08:22;10.868;1.494;1.146;981;1.088;2.065
G26 7;21:31:16;-09:47:28;12.005;1.669;1.235;1.300;1.695;2.986
113 440;21:40:35;+00:41:32;11.796;637;167;363;350;715
113 221;21:40:37;+00:20:47;12.071;1.031;874;550;490;1.041
113 L1;21:40:47;+00:28:19;15.530;1.343;1.180;867;723;1.594
113 337;21:40:49;+00:27:42;14.225;519;-25;351;331;682
113 339;21:40:56;+00:27:44;12.250;568;-34;340;347;687
113 342;21:41:00;+00:27:21;10.878;1.015;696;537;513;1.050
113 233;21:41:00;+00:21:47;12.398;549;96;338;322;661
113 239;21:41:08;+00:22:19;13.038;516;51;318;327;647
113 241;21:41:10;+00:25:37;14.352;1.344;1.452;897;797;1.683
113 245;21:41:14;+00:21:38;15.665;628;112;396;318;716
113 459;21:41:15;+00:42:50;12.125;535;-18;307;313;623
113 250;21:41:25;+00:20:28;13.160;505;-3;309;316;626
113 466;21:41:28;+00:40:00;10.004;454;-1;281;282;563
113 259;21:41:45;+00:17:24;11.742;1.194;1.221;621;543;1.166
113 260;21:41:49;+00:23:39;12.406;514;69;308;298;606
113 475;21:41:51;+00:39:05;10.306;1.058;844;570;527;1.098
113 366;21:41:54;+00:29:08;13.537;1.096;896;623;588;1.211
113 263;21:41:54;+00:25:24;15.481;280;74;194;207;401
113 265;21:41:54;+00:17:49;14.934;639;101;411;395;807
113 268;21:41:58;+00:19:40;15.281;589;-18;379;407;786
113 34;21:41:59;+00:00:54;15.173;484;-54;306;346;652
113 372;21:42:02;+00:28:23;13.681;670;80;395;370;766
113 149;21:42:06;+00:09:14;13.469;621;43;379;386;765
113 153;21:42:10;+00:14:53;14.476;745;285;462;441;902
113 272;21:42:21;+00:20:44;13.904;633;67;370;340;710
113 158;21:42:22;+00:13:56;13.116;723;247;407;374;782
113 156;21:42:22;+00:11:58;11.224;526;-57;303;314;618
113 491;21:42:25;+00:43:40;14.373;764;306;434;420;854
113 492;21:42:28;+00:38:08;12.174;553;5;342;341;684
113 493;21:42:29;+00:37:57;11.767;786;392;430;393;824
113 495;21:42:30;+00:37:54;12.437;947;530;512;497;1.010
113 163;21:42:36;+00:16:33;14.540;658;106;380;355;735
113 281;21:42:39;+00:18:41;15.247;529;-26;347;359;706
113 165;21:42:39;+00:15:20;15.639;601;3;354;392;746
113 167;21:42:42;+00:15:55;14.841;597;-34;351;376;728
113 177;21:42:57;+00:14:33;13.560;789;318;456;436;890
113 182;21:43:09;+00:14:38;14.370;659;65;402;422;824
113 187;21:43:21;+00:16:39;15.080;1.063;969;638;535;1.174
113 189;21:43:28;+00:17:09;15.421;1.118;958;713;605;1.319
113 307;21:43:31;+00:17:49;14.214;1.128;911;630;614;1.245
113 191;21:43:34;+00:15:43;12.337;799;223;471;466;937
113 195;21:43:41;+00:17:09;13.692;730;201;418;413;832
G93 48;21:52:25;+02:23:20;12.739;-8;-792;-97;-94;-191
PG2213-006C;22:16:18;-00:22:18;15.109;721;177;426;404;830
PG2213-006B;22:16:22;-00:21:51;12.706;749;297;427;402;829
PG2213-006A;22:16:24;-00:21:29;14.178;673;100;406;403;808
PG2213-006;22:16:28;-00:21:17;14.124;-217;-1.125;-92;-110;-203
G156 31;22:38:28;-15:19:17;12.361;1.993;1.408;1.648;2.042;3.684
114 531;22:40:37;+00:51:49;12.094;733;186;422;403;825
114 637;22:40:43;+01:03:02;12.070;801;307;456;415;872
114 446;22:41:04;+00:45:56;12.064;737;237;397;369;769
114 654;22:41:26;+01:10:03;11.833;656;178;368;341;711
114 656;22:41:35;+01:11:01;12.644;965;698;547;506;1.051
114 548;22:41:37;+00:58:59;11.601;1.362;1.573;738;651;1.387
114 750;22:41:45;+01:12:30;11.916;-41;-354;27;-15;11
114 670;22:42:10;+01:10:09;11.101;1.206;1.223;645;561;1.208
114 176;22:43:11;+00:21:09;9.239;1.485;1.853;800;717;1.521
GD 246;23:12:35;+10:50:27;13.094;-318;-1.187;-148;-183;-332
F 108;23:16:12;-01:50:35;12.958;-235;-1.052;-103;-135;-239
G156 57;22:53:16;-14:15:38;10.180;1.556;1.182;1.174;1.542;2.713
PG2317+046;23:19:55;+04:52:34;12.876;-246;-1.137;-74;-35;-118
PG2331+055;23:33:44;+05:46:35;15.182;-66;-487;-12;-31;-44
PG2331+055A;23:33:49;+05:46:48;13.051;741;257;419;401;821
PG2331+055B;23:33:51;+05:45:06;14.744;819;429;481;454;935
PG2336+004B;23:38:38;+00:42:42;12.431;507;-35;314;316;625
PG2336+004A;23:38:42;+00:42:24;11.277;679;135;398;372;767
PG2336+004;23:38:43;+00:42:55;15.899;-172;-781;-61;-48;-110
115 554;23:41:31;+01:26:24;11.812;1.005;548;586;538;1.127
115 486;23:41:33;+01:16:43;12.482;493;-49;298;308;607
115 412;23:42:01;+01:08:58;12.209;573;-40;327;335;665
115 268;23:42:30;+00:52:09;12.494;634;77;366;348;714
115 420;23:42:36;+01:05:56;11.161;468;-27;286;293;580
115 271;23:42:41;+00:45:08;9.695;615;101;353;349;701
115 516;23:44:15;+01:14:11;10.434;1.028;759;563;534;1.098
PG2349+002;23:51:53;+00:28:17;13.277;-191;-921;-103;-116;-219